{
  "display": {
    "icon": {
      "id": "fstuff:shroomlight"
    },
    "title": {
      "translate": "advancements.obtainshroomlights.title"
    },
    "description": {
      "translate": "advancements.obtainshroomlights.descr"
    },
    "frame": "task",
    "show_toast": true,
    "announce_to_chat": true,
    "hidden": false
  },
  "criteria": {
    "obtainshroomlights_0": {
      "trigger": "minecraft:inventory_changed",
      "conditions": {
        "items": [
          {
            "items": [
              "fstuff:shroomlight"
            ],
            "count": {
              "min": 1,
              "max": 64
            }
          }
        ]
      }
    }
  },
  "parent": "minecraft:adventure/adventuring_time"
}