{
  "display": {
    "icon": {
      "id": "minecraft:smithing_table"
    },
    "title": {
      "translate": "advancements.smith_trim.title"
    },
    "description": {
      "translate": "advancements.smith_trim.descr"
    },
    "frame": "task",
    "show_toast": true,
    "announce_to_chat": true,
    "hidden": false
  },
  "criteria": {
    "smith_trim_0": {
      "trigger": "minecraft:inventory_changed",
      "conditions": {
        "items": [
          {
            "items": [
              "fstuff:combined_armor_trim"
            ],
            "count": {
              "min": 1,
              "max": 64
            }
          }
        ]
      }
    }
  },
  "parent": "fstuff:obtainshroomlights"
}