{
  "type": "minecraft:crafting_shapeless",
  "category": "misc",
  "ingredients": [
    {
      "item": "fstuff:warped_wart"
    },
    {
      "item": "fstuff:warped_wart"
    },
    {
      "item": "fstuff:warped_wart"
    },
    {
      "item": "fstuff:warped_wart"
    },
    {
      "item": "fstuff:warped_wart"
    },
    {
      "item": "fstuff:warped_wart"
    },
    {
      "item": "fstuff:warped_wart"
    },
    {
      "item": "fstuff:warped_wart"
    },
    {
      "item": "fstuff:warped_wart"
    }
  ],
  "result": {
    "id": "minecraft:warped_wart_block",
    "count": 1
  }
}